continent,mean_gdp,sd_gdp,max_gdp,min_gdp
Africa,2193.7545782857374,2827.9298626248496,21951.21176,241.1658765
Americas,7136.11035559,6396.764111749718,42951.65309,1201.637154
Asia,7902.15042805404,14045.373111683795,113523.1329,331
Europe,14469.475533302222,9355.213498375519,49357.19017,973.5331948
Oceania,18621.609223333333,6358.983320689746,34435.36744,10039.59564
